thilakwilson@gmail.com,Admin@65453
roberttaylor@gmail.com,Admin@65453
charlesarnold@gmail.com,Admin@65453
shikarsmith@gmail.com,Admin@65453
glennjackson@gmail.com,Admin@65453
nicolejacobs@gmail.com,Admin@65453
paavanadugf@gmail.com,Admin@65453
kedarmoore@gmail.com,Admin@65453
shobanawright@gmail.com,Admin@65453
jamesasdugas@gmail.com,Admin@65453
johnplkdfond@gmail.com,Admin@65453
varunasdasjkkj@gmail.com,Admin@65453
stevekumargadhiya@gmail.com,Admin@65453
barbarajackson@gmail.com,Admin@65453
shobhaeuiewiu@gmail.com,Admin@65453
manjumoore@gmail.com,Admin@65453
charlesjacobs@gmail.com,Admin@65453
shobharobinson@gmail.com,Admin@65453
satishtaylor@gmail.com,Admin@65453
joeadugf@gmail.com,Admin@65453
ashwiniasdgagh@gmail.com,Admin@65453
iplmiller@gmail.com,Admin@65453
coreywright@gmail.com,Admin@65453
klwilson@gmail.com,Admin@65453
nicolemurgod@gmail.com,Admin@65453
ashwiniasdasjkkj@gmail.com,Admin@65453
ecfgtbrown@gmail.com,Admin@65453
johnsurwihufd@gmail.com,Admin@65453
robertdijlghijgj@gmail.com,Admin@65453
nicolewilson@gmail.com,Admin@65453
aishuanderson@gmail.com,Admin@65453
maryjacobs@gmail.com,Admin@65453
ecfgteuiewiu@gmail.com,Admin@65453
paavanjones@gmail.com,Admin@65453
abcdasdgagh@gmail.com,Admin@65453
joedoe@gmail.com,Admin@65453
charlesmoore@gmail.com,Admin@65453
viratasdugas@gmail.com,Admin@65453
jenniferharris@gmail.com,Admin@65453
shobhaagyuyaugfr@gmail.com,Admin@65453
mohammedtwuejczb@gmail.com,Admin@65453
paavansurwihufd@gmail.com,Admin@65453
mswright@gmail.com,Admin@65453
iplanderson@gmail.com,Admin@65453
shikarjackson@gmail.com,Admin@65453
joeanderson@gmail.com,Admin@65453
roberteuiewiu@gmail.com,Admin@65453
steveeuiewiu@gmail.com,Admin@65453
shobhastuart@gmail.com,Admin@65453
glenngopala@gmail.com,Admin@65453
manjuplkdfond@gmail.com,Admin@65453
hemalkumargadhiya@gmail.com,Admin@65453
ashwinipatterson@gmail.com,Admin@65453
ashwinianabalagan@gmail.com,Admin@65453
samanderson@gmail.com,Admin@65453
michaeldavis@gmail.com,Admin@65453
coreymurgod@gmail.com,Admin@65453
shobhajacobs@gmail.com,Admin@65453
hemaljackson@gmail.com,Admin@65453
manjujefferson@gmail.com,Admin@65453
viratmurgod@gmail.com,Admin@65453
bhuavantwuejczb@gmail.com,Admin@65453
ecfgtsmith@gmail.com,Admin@65453
paavandoe@gmail.com,Admin@65453
daveharris@gmail.com,Admin@65453
patriciaanderson@gmail.com,Admin@65453
shikararnold@gmail.com,Admin@65453
shikarmoore@gmail.com,Admin@65453
mohammedmurgod@gmail.com,Admin@65453
janewhite@gmail.com,Admin@65453
janeasgdjas@gmail.com,Admin@65453
karunjackson@gmail.com,Admin@65453
paavanmurgod@gmail.com,Admin@65453
msarnold@gmail.com,Admin@65453
tombrown@gmail.com,Admin@65453
joerobinson@gmail.com,Admin@65453
shikarmiller@gmail.com,Admin@65453
jamesjenkins@gmail.com,Admin@65453
sharumiller@gmail.com,Admin@65453
mohammedjohnson@gmail.com,Admin@65453
iplanabalagan@gmail.com,Admin@65453
ishantharnold@gmail.com,Admin@65453
hemalanabalagan@gmail.com,Admin@65453
travisanabalagan@gmail.com,Admin@65453
ecfgtasdasjkkj@gmail.com,Admin@65453
maggiestuart@gmail.com,Admin@65453
kurteuiewiu@gmail.com,Admin@65453
mohammedwilliams@gmail.com,Admin@65453
ishantheuiewiu@gmail.com,Admin@65453
plygfa@gmail.com,Admin@65453
davekumargadhiya@gmail.com,Admin@65453
davemartin@gmail.com,Admin@65453
marymurgod@gmail.com,Admin@65453
robertsmith@gmail.com,Admin@65453
neilarnold@gmail.com,Admin@65453
kurtwilliams@gmail.com,Admin@65453
plstuart@gmail.com,Admin@65453
kurtdavis@gmail.com,Admin@65453
robertasdasjkkj@gmail.com,Admin@65453
bhushanplkdfond@gmail.com,Admin@65453
satishjackson@gmail.com,Admin@65453
travisbrown@gmail.com,Admin@65453
machapatterson@gmail.com,Admin@65453
daveasdasjkkj@gmail.com,Admin@65453
stevearnold@gmail.com,Admin@65453
kurtsurwihufd@gmail.com,Admin@65453
glennasgdjas@gmail.com,Admin@65453
joejacobs@gmail.com,Admin@65453
davetwuejczb@gmail.com,Admin@65453
ashwiniplkdfond@gmail.com,Admin@65453
mariapatterson@gmail.com,Admin@65453
lindawright@gmail.com,Admin@65453
varundavis@gmail.com,Admin@65453
ishanthdijlghijgj@gmail.com,Admin@65453
mohammedplkdfond@gmail.com,Admin@65453
aishugopala@gmail.com,Admin@65453
manjujohnson@gmail.com,Admin@65453
varunwilson@gmail.com,Admin@65453
laurapatterson@gmail.com,Admin@65453
tomwilson@gmail.com,Admin@65453
maggiekumargadhiya@gmail.com,Admin@65453
ecfgtiuerote@gmail.com,Admin@65453
satishdavis@gmail.com,Admin@65453
karundijlghijgj@gmail.com,Admin@65453
travisjacobs@gmail.com,Admin@65453
mohammedgopala@gmail.com,Admin@65453
maggiewhite@gmail.com,Admin@65453
laurawilliams@gmail.com,Admin@65453
shobanataylor@gmail.com,Admin@65453
shobanaasdugas@gmail.com,Admin@65453
shobhaasdgagh@gmail.com,Admin@65453
nicolebrown@gmail.com,Admin@65453
barbararobinson@gmail.com,Admin@65453
patriciaasdasjkkj@gmail.com,Admin@65453
karunasgdjas@gmail.com,Admin@65453
maggiethomas@gmail.com,Admin@65453
barbarapatterson@gmail.com,Admin@65453
joedavis@gmail.com,Admin@65453
ecfgtmartin@gmail.com,Admin@65453
elizabethwright@gmail.com,Admin@65453
klanderson@gmail.com,Admin@65453
bhushaniuerote@gmail.com,Admin@65453
laurasurwihufd@gmail.com,Admin@65453
akshaymurgod@gmail.com,Admin@65453
johnanabalagan@gmail.com,Admin@65453
mohammedpatterson@gmail.com,Admin@65453
rohitharris@gmail.com,Admin@65453
msjones@gmail.com,Admin@65453
elizabethjenkins@gmail.com,Admin@65453
neilasdasjkkj@gmail.com,Admin@65453
shikaragyuyaugfr@gmail.com,Admin@65453
ashwiniasgdjas@gmail.com,Admin@65453
akshayanabalagan@gmail.com,Admin@65453
tomjacobs@gmail.com,Admin@65453
shobhajefferson@gmail.com,Admin@65453
bhuavanjohnson@gmail.com,Admin@65453
tomwright@gmail.com,Admin@65453
ecfgtjefferson@gmail.com,Admin@65453
thilakharris@gmail.com,Admin@65453
asvinidavis@gmail.com,Admin@65453
glennjacobs@gmail.com,Admin@65453
charlesmiller@gmail.com,Admin@65453
kurtbrown@gmail.com,Admin@65453
rohitjones@gmail.com,Admin@65453
mariawilks@gmail.com,Admin@65453
steveiuerote@gmail.com,Admin@65453
abcdeuiewiu@gmail.com,Admin@65453
elizabethasdasjkkj@gmail.com,Admin@65453
maryarnold@gmail.com,Admin@65453
kedarwilliams@gmail.com,Admin@65453
stevewhite@gmail.com,Admin@65453
sharujenkins@gmail.com,Admin@65453
ecfgtdavis@gmail.com,Admin@65453
shobhaarnold@gmail.com,Admin@65453
neiliuerote@gmail.com,Admin@65453
ecfgtmiller@gmail.com,Admin@65453
machathomas@gmail.com,Admin@65453
marydoe@gmail.com,Admin@65453
tommurgod@gmail.com,Admin@65453
laurathomas@gmail.com,Admin@65453
mohammedasdugas@gmail.com,Admin@65453
ecfgtygfa@gmail.com,Admin@65453
ishanthtwuejczb@gmail.com,Admin@65453
hemalmurgod@gmail.com,Admin@65453
kurtplkdfond@gmail.com,Admin@65453
ecfgtjones@gmail.com,Admin@65453
asviniwilson@gmail.com,Admin@65453
kltaylor@gmail.com,Admin@65453
shobanaasgdjas@gmail.com,Admin@65453
klstuart@gmail.com,Admin@65453
plmurgod@gmail.com,Admin@65453
joepatterson@gmail.com,Admin@65453
tomjefferson@gmail.com,Admin@65453
johnjackson@gmail.com,Admin@65453
manjumurgod@gmail.com,Admin@65453
mohammedmiller@gmail.com,Admin@65453
robertwilson@gmail.com,Admin@65453
lindadavis@gmail.com,Admin@65453
thilakasgdjas@gmail.com,Admin@65453
thilakstuart@gmail.com,Admin@65453
neiljenkins@gmail.com,Admin@65453
kurtstuart@gmail.com,Admin@65453
manjugopala@gmail.com,Admin@65453
kedarwilks@gmail.com,Admin@65453
viratagyuyaugfr@gmail.com,Admin@65453
paavandavis@gmail.com,Admin@65453
sharuwhite@gmail.com,Admin@65453
satishagyuyaugfr@gmail.com,Admin@65453
lauraanabalagan@gmail.com,Admin@65453
stevesmith@gmail.com,Admin@65453
paavanpatterson@gmail.com,Admin@65453
manjuasdgagh@gmail.com,Admin@65453
ishanthmartin@gmail.com,Admin@65453
travisstuart@gmail.com,Admin@65453
klmurgod@gmail.com,Admin@65453
satishstuart@gmail.com,Admin@65453
neilbrown@gmail.com,Admin@65453
glennrobinson@gmail.com,Admin@65453
davidtwuejczb@gmail.com,Admin@65453
ishanthstuart@gmail.com,Admin@65453
bhushanjackson@gmail.com,Admin@65453
varunagyuyaugfr@gmail.com,Admin@65453
kldijlghijgj@gmail.com,Admin@65453
barbarajenkins@gmail.com,Admin@65453
jenniferwright@gmail.com,Admin@65453
manjubrown@gmail.com,Admin@65453
shobhaadugf@gmail.com,Admin@65453
stevetwuejczb@gmail.com,Admin@65453
patriciadavis@gmail.com,Admin@65453
plplkdfond@gmail.com,Admin@65453
janetwuejczb@gmail.com,Admin@65453
neildijlghijgj@gmail.com,Admin@65453
patriciastuart@gmail.com,Admin@65453
nicolearnold@gmail.com,Admin@65453
laurajefferson@gmail.com,Admin@65453
shobhaygfa@gmail.com,Admin@65453
marysmith@gmail.com,Admin@65453
nicolestuart@gmail.com,Admin@65453
charlesmartin@gmail.com,Admin@65453
iplmartin@gmail.com,Admin@65453
shikardavis@gmail.com,Admin@65453
neilwilks@gmail.com,Admin@65453
michaeladugf@gmail.com,Admin@65453
samtwuejczb@gmail.com,Admin@65453
kurtrobinson@gmail.com,Admin@65453
asvinistuart@gmail.com,Admin@65453
akshayplkdfond@gmail.com,Admin@65453
joeasdgagh@gmail.com,Admin@65453
robertstuart@gmail.com,Admin@65453
msdavis@gmail.com,Admin@65453
manjuadugf@gmail.com,Admin@65453
msbrown@gmail.com,Admin@65453
traviskumargadhiya@gmail.com,Admin@65453
aishujacobs@gmail.com,Admin@65453
robertjackson@gmail.com,Admin@65453
hemaljacobs@gmail.com,Admin@65453
abcdjefferson@gmail.com,Admin@65453
barbarabrown@gmail.com,Admin@65453
abcdwilson@gmail.com,Admin@65453
shikarasdasjkkj@gmail.com,Admin@65453
ashwinismith@gmail.com,Admin@65453
kedarjohnson@gmail.com,Admin@65453
machastuart@gmail.com,Admin@65453
mariaasdugas@gmail.com,Admin@65453
ecfgtdijlghijgj@gmail.com,Admin@65453
samwhite@gmail.com,Admin@65453
suuuwilks@gmail.com,Admin@65453
satishtwuejczb@gmail.com,Admin@65453
hemalgopala@gmail.com,Admin@65453
tommartin@gmail.com,Admin@65453
viratjenkins@gmail.com,Admin@65453
sammartin@gmail.com,Admin@65453
kedarplkdfond@gmail.com,Admin@65453
thilakgopala@gmail.com,Admin@65453
jenniferasdugas@gmail.com,Admin@65453
asvinimurgod@gmail.com,Admin@65453
karunjones@gmail.com,Admin@65453
akshaybrown@gmail.com,Admin@65453
mohammedrobinson@gmail.com,Admin@65453
machaasdasjkkj@gmail.com,Admin@65453
joejefferson@gmail.com,Admin@65453
shikarsurwihufd@gmail.com,Admin@65453
varunrobinson@gmail.com,Admin@65453
machajones@gmail.com,Admin@65453
manjuwilliams@gmail.com,Admin@65453
varunwilks@gmail.com,Admin@65453
kedariuerote@gmail.com,Admin@65453
coreyygfa@gmail.com,Admin@65453
varuniuerote@gmail.com,Admin@65453
sharuygfa@gmail.com,Admin@65453
aishueuiewiu@gmail.com,Admin@65453
stevebrown@gmail.com,Admin@65453
kedarwright@gmail.com,Admin@65453
patriciamoore@gmail.com,Admin@65453
bhuavanasdugas@gmail.com,Admin@65453
bhushanmiller@gmail.com,Admin@65453
robertasdugas@gmail.com,Admin@65453
glennwhite@gmail.com,Admin@65453
karunbrown@gmail.com,Admin@65453
ecfgtsurwihufd@gmail.com,Admin@65453
charleswilks@gmail.com,Admin@65453
steveanabalagan@gmail.com,Admin@65453
thilakasdgagh@gmail.com,Admin@65453
joekumargadhiya@gmail.com,Admin@65453
msmartin@gmail.com,Admin@65453
robertmoore@gmail.com,Admin@65453
michaelthomas@gmail.com,Admin@65453
klplkdfond@gmail.com,Admin@65453
stevemoore@gmail.com,Admin@65453
asvinimoore@gmail.com,Admin@65453
abcdthomas@gmail.com,Admin@65453
ishanthjones@gmail.com,Admin@65453
jamesmoore@gmail.com,Admin@65453
davebrown@gmail.com,Admin@65453
sharudoe@gmail.com,Admin@65453
ishanthiuerote@gmail.com,Admin@65453
shobanaygfa@gmail.com,Admin@65453
barbaratwuejczb@gmail.com,Admin@65453
shikarrobinson@gmail.com,Admin@65453
bhushanjefferson@gmail.com,Admin@65453
jennifertaylor@gmail.com,Admin@65453
jenniferjacobs@gmail.com,Admin@65453
davidjacobs@gmail.com,Admin@65453
pljacobs@gmail.com,Admin@65453
rohitarnold@gmail.com,Admin@65453
davewilks@gmail.com,Admin@65453
ipldoe@gmail.com,Admin@65453
aishuiuerote@gmail.com,Admin@65453
mariaasgdjas@gmail.com,Admin@65453
maggieasdgagh@gmail.com,Admin@65453
mohammeddavis@gmail.com,Admin@65453
viratmartin@gmail.com,Admin@65453
jamesjacobs@gmail.com,Admin@65453
travismartin@gmail.com,Admin@65453
mariajefferson@gmail.com,Admin@65453
thilakmiller@gmail.com,Admin@65453
coreybrown@gmail.com,Admin@65453
ashwiniiuerote@gmail.com,Admin@65453
travismurgod@gmail.com,Admin@65453
ecfgtwright@gmail.com,Admin@65453
robertkumargadhiya@gmail.com,Admin@65453
abcdwhite@gmail.com,Admin@65453
steveadugf@gmail.com,Admin@65453
janejacobs@gmail.com,Admin@65453
nicolejohnson@gmail.com,Admin@65453
jameswright@gmail.com,Admin@65453
rohitagyuyaugfr@gmail.com,Admin@65453
joewhite@gmail.com,Admin@65453
neilgopala@gmail.com,Admin@65453
ishanthwilliams@gmail.com,Admin@65453
coreyasgdjas@gmail.com,Admin@65453
daveiuerote@gmail.com,Admin@65453
maggiewright@gmail.com,Admin@65453
travistwuejczb@gmail.com,Admin@65453
plagyuyaugfr@gmail.com,Admin@65453
elizabethsurwihufd@gmail.com,Admin@65453
jenniferwhite@gmail.com,Admin@65453
karunwilliams@gmail.com,Admin@65453
kurttaylor@gmail.com,Admin@65453
neilagyuyaugfr@gmail.com,Admin@65453
daveasdugas@gmail.com,Admin@65453
rohittaylor@gmail.com,Admin@65453
mariathomas@gmail.com,Admin@65453
mariasurwihufd@gmail.com,Admin@65453
karunwright@gmail.com,Admin@65453
ipljacobs@gmail.com,Admin@65453
sharurobinson@gmail.com,Admin@65453
pljones@gmail.com,Admin@65453
nicoledoe@gmail.com,Admin@65453
karunmurgod@gmail.com,Admin@65453
bhushanpatterson@gmail.com,Admin@65453
coreyanabalagan@gmail.com,Admin@65453
asviniplkdfond@gmail.com,Admin@65453
nicoleharris@gmail.com,Admin@65453
hemaljohnson@gmail.com,Admin@65453
bhuavanmurgod@gmail.com,Admin@65453
mariabrown@gmail.com,Admin@65453
laurawright@gmail.com,Admin@65453
akshaywilliams@gmail.com,Admin@65453
bhuavanmoore@gmail.com,Admin@65453
ishanththomas@gmail.com,Admin@65453
maryasdasjkkj@gmail.com,Admin@65453
travisrobinson@gmail.com,Admin@65453
asvinijefferson@gmail.com,Admin@65453
shobanamiller@gmail.com,Admin@65453
jamesadugf@gmail.com,Admin@65453
coreydavis@gmail.com,Admin@65453
sharuarnold@gmail.com,Admin@65453
rohitdijlghijgj@gmail.com,Admin@65453
asviniarnold@gmail.com,Admin@65453
paavanrobinson@gmail.com,Admin@65453
elizabethasdugas@gmail.com,Admin@65453
glennjohnson@gmail.com,Admin@65453
thilakjohnson@gmail.com,Admin@65453
kurtgopala@gmail.com,Admin@65453
joeeuiewiu@gmail.com,Admin@65453
pldavis@gmail.com,Admin@65453
robertharris@gmail.com,Admin@65453
hemaliuerote@gmail.com,Admin@65453
maggiejefferson@gmail.com,Admin@65453
karunsmith@gmail.com,Admin@65453
karunmartin@gmail.com,Admin@65453
abcdadugf@gmail.com,Admin@65453
shikarwilks@gmail.com,Admin@65453
robertjohnson@gmail.com,Admin@65453
abcdplkdfond@gmail.com,Admin@65453
hemalwright@gmail.com,Admin@65453
nicolethomas@gmail.com,Admin@65453
machamoore@gmail.com,Admin@65453
maggiedavis@gmail.com,Admin@65453
charlespatterson@gmail.com,Admin@65453
plmartin@gmail.com,Admin@65453
johnsmith@gmail.com,Admin@65453
rohitasdasjkkj@gmail.com,Admin@65453
glennarnold@gmail.com,Admin@65453
suuuygfa@gmail.com,Admin@65453
bhushanthomas@gmail.com,Admin@65453
travissmith@gmail.com,Admin@65453
aishuwhite@gmail.com,Admin@65453
rohitbrown@gmail.com,Admin@65453
samygfa@gmail.com,Admin@65453
asviniwilliams@gmail.com,Admin@65453
ashwinistuart@gmail.com,Admin@65453
stevepatterson@gmail.com,Admin@65453
ecfgtarnold@gmail.com,Admin@65453
thilaksmith@gmail.com,Admin@65453
sharuiuerote@gmail.com,Admin@65453
paavanjefferson@gmail.com,Admin@65453
thilakjacobs@gmail.com,Admin@65453
lindaadugf@gmail.com,Admin@65453
charlesjones@gmail.com,Admin@65453
aishusmith@gmail.com,Admin@65453
charlesanabalagan@gmail.com,Admin@65453
traviswright@gmail.com,Admin@65453
charlesygfa@gmail.com,Admin@65453
shikarwilson@gmail.com,Admin@65453
mohammedwilson@gmail.com,Admin@65453
viratwright@gmail.com,Admin@65453
suuumiller@gmail.com,Admin@65453
mohammedeuiewiu@gmail.com,Admin@65453
asvinitaylor@gmail.com,Admin@65453
glennanderson@gmail.com,Admin@65453
joegopala@gmail.com,Admin@65453
shobhataylor@gmail.com,Admin@65453
neilanabalagan@gmail.com,Admin@65453
glennwright@gmail.com,Admin@65453
manjuharris@gmail.com,Admin@65453
stevemartin@gmail.com,Admin@65453
daveanderson@gmail.com,Admin@65453
ashwinijackson@gmail.com,Admin@65453
sammurgod@gmail.com,Admin@65453
marypatterson@gmail.com,Admin@65453
maggieagyuyaugfr@gmail.com,Admin@65453
michaelanabalagan@gmail.com,Admin@65453
varunadugf@gmail.com,Admin@65453
joewilliams@gmail.com,Admin@65453
davidanabalagan@gmail.com,Admin@65453
akshaydoe@gmail.com,Admin@65453
patriciabrown@gmail.com,Admin@65453
bhushanasdgagh@gmail.com,Admin@65453
bhuavanwright@gmail.com,Admin@65453
kedarasdgagh@gmail.com,Admin@65453
shikartwuejczb@gmail.com,Admin@65453
manjutaylor@gmail.com,Admin@65453
satishharris@gmail.com,Admin@65453
johnygfa@gmail.com,Admin@65453
barbarawright@gmail.com,Admin@65453
ishanthkumargadhiya@gmail.com,Admin@65453
shobanawilks@gmail.com,Admin@65453
elizabethbrown@gmail.com,Admin@65453
coreythomas@gmail.com,Admin@65453
kurtkumargadhiya@gmail.com,Admin@65453
michaeljacobs@gmail.com,Admin@65453
marydavis@gmail.com,Admin@65453
jamesharris@gmail.com,Admin@65453
marygopala@gmail.com,Admin@65453
suuuadugf@gmail.com,Admin@65453
hemaljones@gmail.com,Admin@65453
stevewilliams@gmail.com,Admin@65453
machaarnold@gmail.com,Admin@65453
satishjacobs@gmail.com,Admin@65453
coreymoore@gmail.com,Admin@65453
jennifertwuejczb@gmail.com,Admin@65453
kedarstuart@gmail.com,Admin@65453
johnwilson@gmail.com,Admin@65453
shobhaanabalagan@gmail.com,Admin@65453
neiltaylor@gmail.com,Admin@65453
rohitthomas@gmail.com,Admin@65453
elizabethwilliams@gmail.com,Admin@65453
shobanawilliams@gmail.com,Admin@65453
paavanwilson@gmail.com,Admin@65453
asvinimartin@gmail.com,Admin@65453
thilakeuiewiu@gmail.com,Admin@65453
msjefferson@gmail.com,Admin@65453
ipliuerote@gmail.com,Admin@65453
steveasdugas@gmail.com,Admin@65453
sharuanderson@gmail.com,Admin@65453
machaanabalagan@gmail.com,Admin@65453
shobhakumargadhiya@gmail.com,Admin@65453
kedaragyuyaugfr@gmail.com,Admin@65453
paavandijlghijgj@gmail.com,Admin@65453
janerobinson@gmail.com,Admin@65453
charlesasdugas@gmail.com,Admin@65453
jameswilks@gmail.com,Admin@65453
abcdmoore@gmail.com,Admin@65453
johnwilliams@gmail.com,Admin@65453
elizabetheuiewiu@gmail.com,Admin@65453
klasdasjkkj@gmail.com,Admin@65453
hemalthomas@gmail.com,Admin@65453
maggiebrown@gmail.com,Admin@65453
paavanwilliams@gmail.com,Admin@65453
manjujacobs@gmail.com,Admin@65453
janepatterson@gmail.com,Admin@65453
sharuadugf@gmail.com,Admin@65453
viratgopala@gmail.com,Admin@65453
davejefferson@gmail.com,Admin@65453
plasgdjas@gmail.com,Admin@65453
stevejefferson@gmail.com,Admin@65453
stevedoe@gmail.com,Admin@65453
jamesarnold@gmail.com,Admin@65453
elizabethygfa@gmail.com,Admin@65453
elizabethdoe@gmail.com,Admin@65453
ishanthharris@gmail.com,Admin@65453
akshayagyuyaugfr@gmail.com,Admin@65453
paavaneuiewiu@gmail.com,Admin@65453
msplkdfond@gmail.com,Admin@65453
travisasgdjas@gmail.com,Admin@65453
kedararnold@gmail.com,Admin@65453
lindajackson@gmail.com,Admin@65453
johnmartin@gmail.com,Admin@65453
nicolemartin@gmail.com,Admin@65453
nicolegopala@gmail.com,Admin@65453
shobhabrown@gmail.com,Admin@65453
shikarpatterson@gmail.com,Admin@65453
suuuwhite@gmail.com,Admin@65453
coreyrobinson@gmail.com,Admin@65453
akshaythomas@gmail.com,Admin@65453
sharudavis@gmail.com,Admin@65453
rohitpatterson@gmail.com,Admin@65453
shobanaplkdfond@gmail.com,Admin@65453
abcdasdugas@gmail.com,Admin@65453
kurtjones@gmail.com,Admin@65453
jamesdavis@gmail.com,Admin@65453
charlesjenkins@gmail.com,Admin@65453
mariawilson@gmail.com,Admin@65453
coreyjohnson@gmail.com,Admin@65453
karuntaylor@gmail.com,Admin@65453
akshaywilks@gmail.com,Admin@65453
nicoledijlghijgj@gmail.com,Admin@65453
elizabethwhite@gmail.com,Admin@65453
barbaraygfa@gmail.com,Admin@65453
hemalmartin@gmail.com,Admin@65453
neilwilliams@gmail.com,Admin@65453
karunplkdfond@gmail.com,Admin@65453
janejones@gmail.com,Admin@65453
robertwilks@gmail.com,Admin@65453
abcddijlghijgj@gmail.com,Admin@65453
hemalagyuyaugfr@gmail.com,Admin@65453
elizabethplkdfond@gmail.com,Admin@65453
michaelmoore@gmail.com,Admin@65453
bhushangopala@gmail.com,Admin@65453
robertiuerote@gmail.com,Admin@65453
samasdasjkkj@gmail.com,Admin@65453
jenniferplkdfond@gmail.com,Admin@65453
abcdbrown@gmail.com,Admin@65453
shikargopala@gmail.com,Admin@65453
davewhite@gmail.com,Admin@65453
manjuanderson@gmail.com,Admin@65453
machaiuerote@gmail.com,Admin@65453
laurabrown@gmail.com,Admin@65453
kedarmurgod@gmail.com,Admin@65453
abcdjenkins@gmail.com,Admin@65453
suuumoore@gmail.com,Admin@65453
stevewilks@gmail.com,Admin@65453
ishanthjefferson@gmail.com,Admin@65453
travissurwihufd@gmail.com,Admin@65453
machamartin@gmail.com,Admin@65453
satishmartin@gmail.com,Admin@65453
marykumargadhiya@gmail.com,Admin@65453
neiltwuejczb@gmail.com,Admin@65453
traviswilson@gmail.com,Admin@65453
bhuavanwilks@gmail.com,Admin@65453
abcdtaylor@gmail.com,Admin@65453
shobhaplkdfond@gmail.com,Admin@65453
paavanjacobs@gmail.com,Admin@65453
kljenkins@gmail.com,Admin@65453
karunwhite@gmail.com,Admin@65453
satishygfa@gmail.com,Admin@65453
planderson@gmail.com,Admin@65453
coreyarnold@gmail.com,Admin@65453
charlessurwihufd@gmail.com,Admin@65453
patriciaarnold@gmail.com,Admin@65453
jenniferanderson@gmail.com,Admin@65453
tomstuart@gmail.com,Admin@65453
samsurwihufd@gmail.com,Admin@65453
lindawilson@gmail.com,Admin@65453
satishjohnson@gmail.com,Admin@65453
akshayjenkins@gmail.com,Admin@65453
jenniferdavis@gmail.com,Admin@65453
charlesadugf@gmail.com,Admin@65453
barbaraasdasjkkj@gmail.com,Admin@65453
plwilks@gmail.com,Admin@65453
plgopala@gmail.com,Admin@65453
mariajones@gmail.com,Admin@65453
maryanabalagan@gmail.com,Admin@65453
michaeljefferson@gmail.com,Admin@65453
charlesanderson@gmail.com,Admin@65453
aishuasdgagh@gmail.com,Admin@65453
jamesjackson@gmail.com,Admin@65453
karunjohnson@gmail.com,Admin@65453
michaelasdgagh@gmail.com,Admin@65453
johndavis@gmail.com,Admin@65453
machasmith@gmail.com,Admin@65453
robertagyuyaugfr@gmail.com,Admin@65453
thilakasdasjkkj@gmail.com,Admin@65453
shobanabrown@gmail.com,Admin@65453
rohitwilson@gmail.com,Admin@65453
aishutaylor@gmail.com,Admin@65453
joejackson@gmail.com,Admin@65453
shikareuiewiu@gmail.com,Admin@65453
shikaradugf@gmail.com,Admin@65453
davidmurgod@gmail.com,Admin@65453
maggiemoore@gmail.com,Admin@65453
karuntwuejczb@gmail.com,Admin@65453
glennkumargadhiya@gmail.com,Admin@65453
sharujacobs@gmail.com,Admin@65453
robertwright@gmail.com,Admin@65453
nicoletwuejczb@gmail.com,Admin@65453
iplagyuyaugfr@gmail.com,Admin@65453
thilakrobinson@gmail.com,Admin@65453
bhushanstuart@gmail.com,Admin@65453
asviniwright@gmail.com,Admin@65453
rohitgopala@gmail.com,Admin@65453
charlesthomas@gmail.com,Admin@65453
janewilks@gmail.com,Admin@65453
jamesmurgod@gmail.com,Admin@65453
ashwinithomas@gmail.com,Admin@65453
klmoore@gmail.com,Admin@65453
bhuavanbrown@gmail.com,Admin@65453
kedarygfa@gmail.com,Admin@65453
davidwilson@gmail.com,Admin@65453
nicolejenkins@gmail.com,Admin@65453
johniuerote@gmail.com,Admin@65453
maggiejackson@gmail.com,Admin@65453
shobanamoore@gmail.com,Admin@65453
lindastuart@gmail.com,Admin@65453
ipljohnson@gmail.com,Admin@65453
laurajohnson@gmail.com,Admin@65453
sharuasdasjkkj@gmail.com,Admin@65453
samjackson@gmail.com,Admin@65453
barbaradavis@gmail.com,Admin@65453
nicoleasdgagh@gmail.com,Admin@65453
machaplkdfond@gmail.com,Admin@65453
jenniferagyuyaugfr@gmail.com,Admin@65453
robertbrown@gmail.com,Admin@65453
tomdijlghijgj@gmail.com,Admin@65453
msdijlghijgj@gmail.com,Admin@65453
pljefferson@gmail.com,Admin@65453
davidgopala@gmail.com,Admin@65453
abcdrobinson@gmail.com,Admin@65453
steveygfa@gmail.com,Admin@65453
nicoleasdugas@gmail.com,Admin@65453
bhushanmurgod@gmail.com,Admin@65453
shobanaagyuyaugfr@gmail.com,Admin@65453
tomsurwihufd@gmail.com,Admin@65453
akshayanderson@gmail.com,Admin@65453
michaeljackson@gmail.com,Admin@65453
coreyasdgagh@gmail.com,Admin@65453
virattaylor@gmail.com,Admin@65453
davesurwihufd@gmail.com,Admin@65453
shikarmartin@gmail.com,Admin@65453
iplygfa@gmail.com,Admin@65453
paavanygfa@gmail.com,Admin@65453
mohammedtaylor@gmail.com,Admin@65453
thilakwhite@gmail.com,Admin@65453
ashwinimoore@gmail.com,Admin@65453
janearnold@gmail.com,Admin@65453
ishanthdavis@gmail.com,Admin@65453
sharuagyuyaugfr@gmail.com,Admin@65453
sharuwilks@gmail.com,Admin@65453
iplrobinson@gmail.com,Admin@65453
joestuart@gmail.com,Admin@65453
nicolewhite@gmail.com,Admin@65453
davetaylor@gmail.com,Admin@65453
mariagopala@gmail.com,Admin@65453
glennthomas@gmail.com,Admin@65453
viratiuerote@gmail.com,Admin@65453
bhushanwilks@gmail.com,Admin@65453
joeagyuyaugfr@gmail.com,Admin@65453
akshayadugf@gmail.com,Admin@65453
karuniuerote@gmail.com,Admin@65453
bhuavanwilson@gmail.com,Admin@65453
shikarmurgod@gmail.com,Admin@65453
viratygfa@gmail.com,Admin@65453
maggiejacobs@gmail.com,Admin@65453
travispatterson@gmail.com,Admin@65453
shikarkumargadhiya@gmail.com,Admin@65453
robertjenkins@gmail.com,Admin@65453
maryagyuyaugfr@gmail.com,Admin@65453
machaygfa@gmail.com,Admin@65453
akshaywright@gmail.com,Admin@65453
bhuavandavis@gmail.com,Admin@65453
lindaplkdfond@gmail.com,Admin@65453
tomasdasjkkj@gmail.com,Admin@65453
barbarakumargadhiya@gmail.com,Admin@65453
bhuavangopala@gmail.com,Admin@65453
charleswhite@gmail.com,Admin@65453
sharubrown@gmail.com,Admin@65453
davidsurwihufd@gmail.com,Admin@65453
suuukumargadhiya@gmail.com,Admin@65453
ashwiniwilks@gmail.com,Admin@65453
tomasdgagh@gmail.com,Admin@65453
patriciaplkdfond@gmail.com,Admin@65453
michaelharris@gmail.com,Admin@65453
stevejenkins@gmail.com,Admin@65453
aishuasgdjas@gmail.com,Admin@65453
davidygfa@gmail.com,Admin@65453
shikartaylor@gmail.com,Admin@65453
ashwinijacobs@gmail.com,Admin@65453
maggieiuerote@gmail.com,Admin@65453
steveanderson@gmail.com,Admin@65453
lindaeuiewiu@gmail.com,Admin@65453
glennjefferson@gmail.com,Admin@65453
aishutwuejczb@gmail.com,Admin@65453
neilkumargadhiya@gmail.com,Admin@65453
ishanthmoore@gmail.com,Admin@65453
ishanthjenkins@gmail.com,Admin@65453
johnmurgod@gmail.com,Admin@65453
asvinigopala@gmail.com,Admin@65453
machaasdgagh@gmail.com,Admin@65453
plharris@gmail.com,Admin@65453
mohammedbrown@gmail.com,Admin@65453
viratjones@gmail.com,Admin@65453
paavanasdugas@gmail.com,Admin@65453
johnjones@gmail.com,Admin@65453
thilakjackson@gmail.com,Admin@65453
neilasdugas@gmail.com,Admin@65453
joemartin@gmail.com,Admin@65453
michaeljenkins@gmail.com,Admin@65453
lauraasdgagh@gmail.com,Admin@65453
mohammedanderson@gmail.com,Admin@65453
johndoe@gmail.com,Admin@65453
kurtasdasjkkj@gmail.com,Admin@65453
johntaylor@gmail.com,Admin@65453
michaeljohnson@gmail.com,Admin@65453
davemoore@gmail.com,Admin@65453
charleswilson@gmail.com,Admin@65453
varunthomas@gmail.com,Admin@65453
maggiewilks@gmail.com,Admin@65453
satisheuiewiu@gmail.com,Admin@65453
karundavis@gmail.com,Admin@65453
kedardoe@gmail.com,Admin@65453
lauraasdasjkkj@gmail.com,Admin@65453
viratasgdjas@gmail.com,Admin@65453
rohitplkdfond@gmail.com,Admin@65453
patriciasmith@gmail.com,Admin@65453
ishanthpatterson@gmail.com,Admin@65453
patriciajones@gmail.com,Admin@65453
bhuavanjacobs@gmail.com,Admin@65453
satishwilliams@gmail.com,Admin@65453
mswilliams@gmail.com,Admin@65453
janeasdugas@gmail.com,Admin@65453
hemalwilson@gmail.com,Admin@65453
suuuthomas@gmail.com,Admin@65453
ashwiniarnold@gmail.com,Admin@65453
neilmoore@gmail.com,Admin@65453
neileuiewiu@gmail.com,Admin@65453
elizabethdijlghijgj@gmail.com,Admin@65453
abcdiuerote@gmail.com,Admin@65453
bhuavananabalagan@gmail.com,Admin@65453
patriciaasdgagh@gmail.com,Admin@65453
barbaraasdgagh@gmail.com,Admin@65453
karungopala@gmail.com,Admin@65453
sharuthomas@gmail.com,Admin@65453
jamesiuerote@gmail.com,Admin@65453
paavanwright@gmail.com,Admin@65453
ashwinidavis@gmail.com,Admin@65453
janeiuerote@gmail.com,Admin@65453
jenniferasdgagh@gmail.com,Admin@65453
mohammedjefferson@gmail.com,Admin@65453
travisarnold@gmail.com,Admin@65453
daverobinson@gmail.com,Admin@65453
mohammedsmith@gmail.com,Admin@65453
jenniferpatterson@gmail.com,Admin@65453
asviniwhite@gmail.com,Admin@65453
patriciawilson@gmail.com,Admin@65453
nicoleiuerote@gmail.com,Admin@65453
glennsmith@gmail.com,Admin@65453
shobhasurwihufd@gmail.com,Admin@65453
maggieeuiewiu@gmail.com,Admin@65453
maggiesmith@gmail.com,Admin@65453
mohammedwright@gmail.com,Admin@65453
paavanwhite@gmail.com,Admin@65453
maryadugf@gmail.com,Admin@65453
paavanjackson@gmail.com,Admin@65453
patriciaasgdjas@gmail.com,Admin@65453
akshaydavis@gmail.com,Admin@65453
mssmith@gmail.com,Admin@65453
davidiuerote@gmail.com,Admin@65453
viratanabalagan@gmail.com,Admin@65453
ashwinitwuejczb@gmail.com,Admin@65453
jenniferjones@gmail.com,Admin@65453
bhushanagyuyaugfr@gmail.com,Admin@65453
davejackson@gmail.com,Admin@65453
plsmith@gmail.com,Admin@65453
jamestaylor@gmail.com,Admin@65453
ecfgtjacobs@gmail.com,Admin@65453
bhushandoe@gmail.com,Admin@65453
ipldavis@gmail.com,Admin@65453
travisplkdfond@gmail.com,Admin@65453
stevetaylor@gmail.com,Admin@65453
aishuplkdfond@gmail.com,Admin@65453
mswilks@gmail.com,Admin@65453
virattwuejczb@gmail.com,Admin@65453
stevegopala@gmail.com,Admin@65453
karunasdugas@gmail.com,Admin@65453
kurtasdugas@gmail.com,Admin@65453
maggiedijlghijgj@gmail.com,Admin@65453
kurtasdgagh@gmail.com,Admin@65453
shobhaasdasjkkj@gmail.com,Admin@65453
robertplkdfond@gmail.com,Admin@65453
hemaltwuejczb@gmail.com,Admin@65453
jamesagyuyaugfr@gmail.com,Admin@65453
aishumoore@gmail.com,Admin@65453
bhuavandijlghijgj@gmail.com,Admin@65453
paavanharris@gmail.com,Admin@65453
shikarasdugas@gmail.com,Admin@65453
thilaktwuejczb@gmail.com,Admin@65453
abcdwilliams@gmail.com,Admin@65453
tomarnold@gmail.com,Admin@65453
msjohnson@gmail.com,Admin@65453
davidasdugas@gmail.com,Admin@65453
ecfgtwilliams@gmail.com,Admin@65453
marydijlghijgj@gmail.com,Admin@65453
viratwilks@gmail.com,Admin@65453
coreyeuiewiu@gmail.com,Admin@65453
shobhawilliams@gmail.com,Admin@65453
michaelasgdjas@gmail.com,Admin@65453
bhushanasgdjas@gmail.com,Admin@65453
shobhagopala@gmail.com,Admin@65453
glennjenkins@gmail.com,Admin@65453
paavanthomas@gmail.com,Admin@65453
laurawilks@gmail.com,Admin@65453
kurtygfa@gmail.com,Admin@65453
varunasdgagh@gmail.com,Admin@65453
tomdoe@gmail.com,Admin@65453
elizabethmiller@gmail.com,Admin@65453
coreywilks@gmail.com,Admin@65453
jenniferiuerote@gmail.com,Admin@65453
ashwiniwhite@gmail.com,Admin@65453
samgopala@gmail.com,Admin@65453
abcdwilks@gmail.com,Admin@65453
coreyjones@gmail.com,Admin@65453
klmiller@gmail.com,Admin@65453
steveasdasjkkj@gmail.com,Admin@65453
pliuerote@gmail.com,Admin@65453
joewilks@gmail.com,Admin@65453
charlesjohnson@gmail.com,Admin@65453
elizabethmurgod@gmail.com,Admin@65453
janejefferson@gmail.com,Admin@65453
barbarajefferson@gmail.com,Admin@65453
maggiesurwihufd@gmail.com,Admin@65453
asviniharris@gmail.com,Admin@65453
mseuiewiu@gmail.com,Admin@65453
robertasgdjas@gmail.com,Admin@65453
paavanasgdjas@gmail.com,Admin@65453
janeadugf@gmail.com,Admin@65453
samtaylor@gmail.com,Admin@65453
hemalarnold@gmail.com,Admin@65453
lauraasdugas@gmail.com,Admin@65453
varunjohnson@gmail.com,Admin@65453
kedartaylor@gmail.com,Admin@65453
elizabethadugf@gmail.com,Admin@65453
johngopala@gmail.com,Admin@65453
samplkdfond@gmail.com,Admin@65453
plwilson@gmail.com,Admin@65453
ashwinijones@gmail.com,Admin@65453
suuujackson@gmail.com,Admin@65453
mohammedwilks@gmail.com,Admin@65453
robertwilliams@gmail.com,Admin@65453
tomjohnson@gmail.com,Admin@65453
johnarnold@gmail.com,Admin@65453
iplharris@gmail.com,Admin@65453
iplbrown@gmail.com,Admin@65453
asvinidijlghijgj@gmail.com,Admin@65453
bhushantwuejczb@gmail.com,Admin@65453
rohitmartin@gmail.com,Admin@65453
aishudoe@gmail.com,Admin@65453
jamesanderson@gmail.com,Admin@65453
ecfgtanderson@gmail.com,Admin@65453
davemiller@gmail.com,Admin@65453
machawilliams@gmail.com,Admin@65453
satishanabalagan@gmail.com,Admin@65453
sharuplkdfond@gmail.com,Admin@65453
tomtwuejczb@gmail.com,Admin@65453
manjuygfa@gmail.com,Admin@65453
klrobinson@gmail.com,Admin@65453
shikarbrown@gmail.com,Admin@65453
thilakarnold@gmail.com,Admin@65453
shobanaasdgagh@gmail.com,Admin@65453
stevejohnson@gmail.com,Admin@65453
jamesmiller@gmail.com,Admin@65453
asvinijacobs@gmail.com,Admin@65453
bhuavananderson@gmail.com,Admin@65453
elizabethiuerote@gmail.com,Admin@65453
marysurwihufd@gmail.com,Admin@65453
nicolerobinson@gmail.com,Admin@65453
sharuwilson@gmail.com,Admin@65453
ipleuiewiu@gmail.com,Admin@65453
kurttwuejczb@gmail.com,Admin@65453
travisdijlghijgj@gmail.com,Admin@65453
neilwright@gmail.com,Admin@65453
joeasgdjas@gmail.com,Admin@65453
joesmith@gmail.com,Admin@65453
davidwright@gmail.com,Admin@65453
suuuanderson@gmail.com,Admin@65453
viratbrown@gmail.com,Admin@65453
jamesplkdfond@gmail.com,Admin@65453
mariataylor@gmail.com,Admin@65453
patriciajohnson@gmail.com,Admin@65453
bhushananabalagan@gmail.com,Admin@65453
glenndijlghijgj@gmail.com,Admin@65453
kedarsurwihufd@gmail.com,Admin@65453
machabrown@gmail.com,Admin@65453
hemaleuiewiu@gmail.com,Admin@65453
davidjones@gmail.com,Admin@65453
shobanajones@gmail.com,Admin@65453
neildoe@gmail.com,Admin@65453
akshayarnold@gmail.com,Admin@65453
sharuasdgagh@gmail.com,Admin@65453
samjefferson@gmail.com,Admin@65453
jennifermurgod@gmail.com,Admin@65453
hemaldavis@gmail.com,Admin@65453
manjurobinson@gmail.com,Admin@65453
jamesbrown@gmail.com,Admin@65453
davidadugf@gmail.com,Admin@65453
mohammedasdgagh@gmail.com,Admin@65453
michaelsmith@gmail.com,Admin@65453
viratwilson@gmail.com,Admin@65453
suuuasdasjkkj@gmail.com,Admin@65453
paavansmith@gmail.com,Admin@65453
karunadugf@gmail.com,Admin@65453
johnadugf@gmail.com,Admin@65453
robertthomas@gmail.com,Admin@65453
laurakumargadhiya@gmail.com,Admin@65453
daviddavis@gmail.com,Admin@65453
ecfgtrobinson@gmail.com,Admin@65453
samdavis@gmail.com,Admin@65453
kurtasgdjas@gmail.com,Admin@65453
mariajackson@gmail.com,Admin@65453
mohammedjacobs@gmail.com,Admin@65453
varunasdugas@gmail.com,Admin@65453
ishanthwhite@gmail.com,Admin@65453
maggiegopala@gmail.com,Admin@65453
iplwright@gmail.com,Admin@65453
satishadugf@gmail.com,Admin@65453
neilasgdjas@gmail.com,Admin@65453
thilakadugf@gmail.com,Admin@65453
ipljones@gmail.com,Admin@65453
lauragopala@gmail.com,Admin@65453
paavanmartin@gmail.com,Admin@65453
abcdharris@gmail.com,Admin@65453
elizabethpatterson@gmail.com,Admin@65453
bhushankumargadhiya@gmail.com,Admin@65453
robertanabalagan@gmail.com,Admin@65453
neilrobinson@gmail.com,Admin@65453
charlesdavis@gmail.com,Admin@65453
shikarjones@gmail.com,Admin@65453
iplmurgod@gmail.com,Admin@65453
mswilson@gmail.com,Admin@65453
maryygfa@gmail.com,Admin@65453
shobanamartin@gmail.com,Admin@65453
shikarjenkins@gmail.com,Admin@65453
daveanabalagan@gmail.com,Admin@65453
travisjackson@gmail.com,Admin@65453
satishasdugas@gmail.com,Admin@65453
kurtwright@gmail.com,Admin@65453
lindaygfa@gmail.com,Admin@65453
ecfgtmoore@gmail.com,Admin@65453
shobhawhite@gmail.com,Admin@65453
ecfgtplkdfond@gmail.com,Admin@65453
marystuart@gmail.com,Admin@65453
thilakdavis@gmail.com,Admin@65453
thilakwright@gmail.com,Admin@65453
kljacobs@gmail.com,Admin@65453
patriciadoe@gmail.com,Admin@65453
suuuanabalagan@gmail.com,Admin@65453
barbarastuart@gmail.com,Admin@65453
shikarwhite@gmail.com,Admin@65453
pldoe@gmail.com,Admin@65453
iplwilks@gmail.com,Admin@65453
machajohnson@gmail.com,Admin@65453
janekumargadhiya@gmail.com,Admin@65453
rohitjackson@gmail.com,Admin@65453
daviddijlghijgj@gmail.com,Admin@65453
traviswilks@gmail.com,Admin@65453
thilakmoore@gmail.com,Admin@65453
ishanthjackson@gmail.com,Admin@65453
mohammedwhite@gmail.com,Admin@65453
janeanabalagan@gmail.com,Admin@65453
jenniferjenkins@gmail.com,Admin@65453
varunanderson@gmail.com,Admin@65453
shobhamurgod@gmail.com,Admin@65453
samharris@gmail.com,Admin@65453
manjujenkins@gmail.com,Admin@65453
mariamurgod@gmail.com,Admin@65453
davidrobinson@gmail.com,Admin@65453
elizabethtaylor@gmail.com,Admin@65453
iplasdasjkkj@gmail.com,Admin@65453
aishuagyuyaugfr@gmail.com,Admin@65453
abcdgopala@gmail.com,Admin@65453
lauradijlghijgj@gmail.com,Admin@65453
manjuwilson@gmail.com,Admin@65453
steverobinson@gmail.com,Admin@65453
samadugf@gmail.com,Admin@65453
paavanbrown@gmail.com,Admin@65453
plwright@gmail.com,Admin@65453
ecfgtjenkins@gmail.com,Admin@65453
abcdwright@gmail.com,Admin@65453
shikarasdgagh@gmail.com,Admin@65453
davejones@gmail.com,Admin@65453
paavanjenkins@gmail.com,Admin@65453
rohitdavis@gmail.com,Admin@65453
barbarawilliams@gmail.com,Admin@65453
satishdoe@gmail.com,Admin@65453
karunpatterson@gmail.com,Admin@65453
bhuavanmiller@gmail.com,Admin@65453
elizabethanabalagan@gmail.com,Admin@65453
joewright@gmail.com,Admin@65453
mohammedharris@gmail.com,Admin@65453
lindajefferson@gmail.com,Admin@65453
suuumurgod@gmail.com,Admin@65453
shobanadavis@gmail.com,Admin@65453
kleuiewiu@gmail.com,Admin@65453
suuujenkins@gmail.com,Admin@65453
kurtharris@gmail.com,Admin@65453
michaeltwuejczb@gmail.com,Admin@65453
janeplkdfond@gmail.com,Admin@65453
asvinieuiewiu@gmail.com,Admin@65453
glennpatterson@gmail.com,Admin@65453
maryjenkins@gmail.com,Admin@65453
samdijlghijgj@gmail.com,Admin@65453
ashwinidoe@gmail.com,Admin@65453
shobanawilson@gmail.com,Admin@65453
bhushanharris@gmail.com,Admin@65453
paavanstuart@gmail.com,Admin@65453
janewilliams@gmail.com,Admin@65453
nicoledavis@gmail.com,Admin@65453
iplsmith@gmail.com,Admin@65453
satishasgdjas@gmail.com,Admin@65453
akshaypatterson@gmail.com,Admin@65453
bhushanwright@gmail.com,Admin@65453
barbaragopala@gmail.com,Admin@65453
nicolesurwihufd@gmail.com,Admin@65453
kljones@gmail.com,Admin@65453
karunwilson@gmail.com,Admin@65453
ashwiniwilson@gmail.com,Admin@65453
samwright@gmail.com,Admin@65453
aishudavis@gmail.com,Admin@65453
suuusurwihufd@gmail.com,Admin@65453
sameuiewiu@gmail.com,Admin@65453
abcdmartin@gmail.com,Admin@65453
rohitwhite@gmail.com,Admin@65453
kedarjenkins@gmail.com,Admin@65453
davemurgod@gmail.com,Admin@65453
mohammediuerote@gmail.com,Admin@65453
paavanplkdfond@gmail.com,Admin@65453
coreyharris@gmail.com,Admin@65453
bhushansmith@gmail.com,Admin@65453
glennasdugas@gmail.com,Admin@65453
hemalwhite@gmail.com,Admin@65453
suuustuart@gmail.com,Admin@65453
rohitadugf@gmail.com,Admin@65453
coreyasdasjkkj@gmail.com,Admin@65453
rohitiuerote@gmail.com,Admin@65453
lindaasdasjkkj@gmail.com,Admin@65453
patriciaeuiewiu@gmail.com,Admin@65453
davidtaylor@gmail.com,Admin@65453
klharris@gmail.com,Admin@65453
patriciajackson@gmail.com,Admin@65453
steveplkdfond@gmail.com,Admin@65453
viratdavis@gmail.com,Admin@65453
hemalsurwihufd@gmail.com,Admin@65453
thilaktaylor@gmail.com,Admin@65453
thilakjones@gmail.com,Admin@65453
paavanarnold@gmail.com,Admin@65453
stevethomas@gmail.com,Admin@65453
ishanthygfa@gmail.com,Admin@65453
stevedijlghijgj@gmail.com,Admin@65453
sharutwuejczb@gmail.com,Admin@65453
coreydijlghijgj@gmail.com,Admin@65453
akshaydijlghijgj@gmail.com,Admin@65453
thilakanabalagan@gmail.com,Admin@65453
neiljefferson@gmail.com,Admin@65453
shobhapatterson@gmail.com,Admin@65453
bhushanjones@gmail.com,Admin@65453
machatwuejczb@gmail.com,Admin@65453
lauraplkdfond@gmail.com,Admin@65453
paavangopala@gmail.com,Admin@65453
ashwinikumargadhiya@gmail.com,Admin@65453
shobhaasgdjas@gmail.com,Admin@65453
samjohnson@gmail.com,Admin@65453
coreymiller@gmail.com,Admin@65453
mariasmith@gmail.com,Admin@65453
varunstuart@gmail.com,Admin@65453
coreystuart@gmail.com,Admin@65453
ecfgtwhite@gmail.com,Admin@65453
msjacobs@gmail.com,Admin@65453
hemalsmith@gmail.com,Admin@65453
samjacobs@gmail.com,Admin@65453
sharustuart@gmail.com,Admin@65453
maggiemiller@gmail.com,Admin@65453
mohammedagyuyaugfr@gmail.com,Admin@65453
tomwhite@gmail.com,Admin@65453
satishwright@gmail.com,Admin@65453
janedoe@gmail.com,Admin@65453
kurtmiller@gmail.com,Admin@65453
tomdavis@gmail.com,Admin@65453
shobanajenkins@gmail.com,Admin@65453
barbaraplkdfond@gmail.com,Admin@65453
kurtmurgod@gmail.com,Admin@65453
varunygfa@gmail.com,Admin@65453
marybrown@gmail.com,Admin@65453
lauraadugf@gmail.com,Admin@65453
machaagyuyaugfr@gmail.com,Admin@65453
patriciamurgod@gmail.com,Admin@65453
jennifereuiewiu@gmail.com,Admin@65453
varunmartin@gmail.com,Admin@65453
plarnold@gmail.com,Admin@65453
johnasdgagh@gmail.com,Admin@65453
bhuavanmartin@gmail.com,Admin@65453
pltaylor@gmail.com,Admin@65453
ashwinijefferson@gmail.com,Admin@65453
glennwilliams@gmail.com,Admin@65453
viratsurwihufd@gmail.com,Admin@65453
barbarawhite@gmail.com,Admin@65453
coreyagyuyaugfr@gmail.com,Admin@65453
hemalwilliams@gmail.com,Admin@65453
sharugopala@gmail.com,Admin@65453
bhuavanstuart@gmail.com,Admin@65453
johnmiller@gmail.com,Admin@65453
bhuavanasdgagh@gmail.com,Admin@65453
mariawhite@gmail.com,Admin@65453
satishasdasjkkj@gmail.com,Admin@65453
davestuart@gmail.com,Admin@65453
rohiteuiewiu@gmail.com,Admin@65453
kldavis@gmail.com,Admin@65453
bhushandijlghijgj@gmail.com,Admin@65453
pladugf@gmail.com,Admin@65453
sambrown@gmail.com,Admin@65453
hemaladugf@gmail.com,Admin@65453
ipljefferson@gmail.com,Admin@65453
sharusurwihufd@gmail.com,Admin@65453
janebrown@gmail.com,Admin@65453
asviniasdgagh@gmail.com,Admin@65453
msrobinson@gmail.com,Admin@65453
asvinianabalagan@gmail.com,Admin@65453
satishjefferson@gmail.com,Admin@65453
kurtadugf@gmail.com,Admin@65453
karuneuiewiu@gmail.com,Admin@65453
paavanagyuyaugfr@gmail.com,Admin@65453
viratjacobs@gmail.com,Admin@65453
shobanagopala@gmail.com,Admin@65453
davidwilks@gmail.com,Admin@65453
lindakumargadhiya@gmail.com,Admin@65453
kedargopala@gmail.com,Admin@65453
elizabethjefferson@gmail.com,Admin@65453
davidpatterson@gmail.com,Admin@65453
lindaasgdjas@gmail.com,Admin@65453
michaelasdugas@gmail.com,Admin@65453
akshayjohnson@gmail.com,Admin@65453
michaelanderson@gmail.com,Admin@65453
joejohnson@gmail.com,Admin@65453
kurtwilks@gmail.com,Admin@65453
bhuavanharris@gmail.com,Admin@65453
akshaystuart@gmail.com,Admin@65453
varunsurwihufd@gmail.com,Admin@65453
hemalpatterson@gmail.com,Admin@65453
viratrobinson@gmail.com,Admin@65453
manjuwright@gmail.com,Admin@65453
mstaylor@gmail.com,Admin@65453
varunjones@gmail.com,Admin@65453
stevemurgod@gmail.com,Admin@65453
shobhatwuejczb@gmail.com,Admin@65453
jenniferwilks@gmail.com,Admin@65453
elizabethmartin@gmail.com,Admin@65453
charlesasdgagh@gmail.com,Admin@65453
kurtjohnson@gmail.com,Admin@65453
manjumiller@gmail.com,Admin@65453
barbaramurgod@gmail.com,Admin@65453
travisdoe@gmail.com,Admin@65453
janetaylor@gmail.com,Admin@65453
elizabetharnold@gmail.com,Admin@65453
maggieplkdfond@gmail.com,Admin@65453
satishmoore@gmail.com,Admin@65453
patriciapatterson@gmail.com,Admin@65453
davesmith@gmail.com,Admin@65453
mspatterson@gmail.com,Admin@65453
klwhite@gmail.com,Admin@65453
stevejackson@gmail.com,Admin@65453
aishuygfa@gmail.com,Admin@65453
manjuarnold@gmail.com,Admin@65453
charlesgopala@gmail.com,Admin@65453
nicoleasgdjas@gmail.com,Admin@65453
hemalasdugas@gmail.com,Admin@65453
laurajackson@gmail.com,Admin@65453
bhushandavis@gmail.com,Admin@65453
viratjefferson@gmail.com,Admin@65453
aishuasdugas@gmail.com,Admin@65453
travisjones@gmail.com,Admin@65453
bhuavanjefferson@gmail.com,Admin@65453
karunarnold@gmail.com,Admin@65453
coreytwuejczb@gmail.com,Admin@65453
karunharris@gmail.com,Admin@65453
suuuiuerote@gmail.com,Admin@65453
plmoore@gmail.com,Admin@65453
lauradavis@gmail.com,Admin@65453
mohammedarnold@gmail.com,Admin@65453
elizabethdavis@gmail.com,Admin@65453
joedijlghijgj@gmail.com,Admin@65453
maryasdgagh@gmail.com,Admin@65453
maryjackson@gmail.com,Admin@65453
maggiearnold@gmail.com,Admin@65453
johnjefferson@gmail.com,Admin@65453
johnagyuyaugfr@gmail.com,Admin@65453
plpatterson@gmail.com,Admin@65453
davidharris@gmail.com,Admin@65453
lindaiuerote@gmail.com,Admin@65453
bhushaneuiewiu@gmail.com,Admin@65453
glennmiller@gmail.com,Admin@65453
jenniferwilliams@gmail.com,Admin@65453
nicoleanabalagan@gmail.com,Admin@65453
samsmith@gmail.com,Admin@65453
sammoore@gmail.com,Admin@65453
johnpatterson@gmail.com,Admin@65453
ecfgtjohnson@gmail.com,Admin@65453
janewright@gmail.com,Admin@65453
johnbrown@gmail.com,Admin@65453
machaeuiewiu@gmail.com,Admin@65453
karunjefferson@gmail.com,Admin@65453
ishanthwilson@gmail.com,Admin@65453
jamessurwihufd@gmail.com,Admin@65453
suuubrown@gmail.com,Admin@65453
bhuavansurwihufd@gmail.com,Admin@65453
davidmoore@gmail.com,Admin@65453
hemalmiller@gmail.com,Admin@65453
charlesmurgod@gmail.com,Admin@65453
charlesdoe@gmail.com,Admin@65453
glennanabalagan@gmail.com,Admin@65453
thilakjenkins@gmail.com,Admin@65453
msanderson@gmail.com,Admin@65453
manjumartin@gmail.com,Admin@65453
kurtiuerote@gmail.com,Admin@65453
michaeldijlghijgj@gmail.com,Admin@65453
mariajacobs@gmail.com,Admin@65453
joejenkins@gmail.com,Admin@65453
nicoleagyuyaugfr@gmail.com,Admin@65453
glenndavis@gmail.com,Admin@65453
manjudavis@gmail.com,Admin@65453
nicoletaylor@gmail.com,Admin@65453
neilwhite@gmail.com,Admin@65453
robertsurwihufd@gmail.com,Admin@65453
rohitsurwihufd@gmail.com,Admin@65453
suuujefferson@gmail.com,Admin@65453
shobanastuart@gmail.com,Admin@65453
glennsurwihufd@gmail.com,Admin@65453
jenniferjackson@gmail.com,Admin@65453
steveasgdjas@gmail.com,Admin@65453
coreyasdugas@gmail.com,Admin@65453
akshaykumargadhiya@gmail.com,Admin@65453
samjenkins@gmail.com,Admin@65453
mariatwuejczb@gmail.com,Admin@65453
varunharris@gmail.com,Admin@65453
satishjones@gmail.com,Admin@65453
manjuthomas@gmail.com,Admin@65453
michaelwilson@gmail.com,Admin@65453
viratmoore@gmail.com,Admin@65453
klthomas@gmail.com,Admin@65453
plasdasjkkj@gmail.com,Admin@65453
manjupatterson@gmail.com,Admin@65453
viratasdgagh@gmail.com,Admin@65453
samkumargadhiya@gmail.com,Admin@65453
mswhite@gmail.com,Admin@65453
hemaltaylor@gmail.com,Admin@65453
coreyjacobs@gmail.com,Admin@65453
manjukumargadhiya@gmail.com,Admin@65453
sharumoore@gmail.com,Admin@65453
joearnold@gmail.com,Admin@65453
sharusmith@gmail.com,Admin@65453
abcdsurwihufd@gmail.com,Admin@65453
travismiller@gmail.com,Admin@65453
karunygfa@gmail.com,Admin@65453
asvinisurwihufd@gmail.com,Admin@65453
ishanthanderson@gmail.com,Admin@65453
iplasdgagh@gmail.com,Admin@65453
shobhadavis@gmail.com,Admin@65453
davideuiewiu@gmail.com,Admin@65453
ishanthjacobs@gmail.com,Admin@65453
ishanthjohnson@gmail.com,Admin@65453
maggieanabalagan@gmail.com,Admin@65453
thilakplkdfond@gmail.com,Admin@65453
ecfgtadugf@gmail.com,Admin@65453
nicolejackson@gmail.com,Admin@65453
akshayeuiewiu@gmail.com,Admin@65453
janegopala@gmail.com,Admin@65453
abcdygfa@gmail.com,Admin@65453
bhuavansmith@gmail.com,Admin@65453
davidmiller@gmail.com,Admin@65453
glenntwuejczb@gmail.com,Admin@65453
bhushanmoore@gmail.com,Admin@65453
ashwinibrown@gmail.com,Admin@65453
plwhite@gmail.com,Admin@65453
akshaygopala@gmail.com,Admin@65453
nicoleadugf@gmail.com,Admin@65453
suuusmith@gmail.com,Admin@65453
johneuiewiu@gmail.com,Admin@65453
marythomas@gmail.com,Admin@65453
neilygfa@gmail.com,Admin@65453
charlesiuerote@gmail.com,Admin@65453
jamesjohnson@gmail.com,Admin@65453
tomasdugas@gmail.com,Admin@65453
thilakmurgod@gmail.com,Admin@65453
kedarsmith@gmail.com,Admin@65453
kedardavis@gmail.com,Admin@65453
stevewright@gmail.com,Admin@65453
stevejones@gmail.com,Admin@65453
manjusurwihufd@gmail.com,Admin@65453
kurtpatterson@gmail.com,Admin@65453
jennifermartin@gmail.com,Admin@65453
jenniferygfa@gmail.com,Admin@65453
kurtjacobs@gmail.com,Admin@65453
coreykumargadhiya@gmail.com,Admin@65453
joeharris@gmail.com,
michaelkumargadhiya@gmail.com,
rohitygfa@gmail.com,
aishustuart@gmail.com,
samrobinson@gmail.com,
janethomas@gmail.com,
mstwuejczb@gmail.com,
jenniferdoe@gmail.com,
rohitjenkins@gmail.com,
thilakagyuyaugfr@gmail.com,
joeplkdfond@gmail.com,
maryrobinson@gmail.com,
barbaraanabalagan@gmail.com,
plmiller@gmail.com,
steveasdgagh@gmail.com,
janemartin@gmail.com,
janedavis@gmail.com,
tomkumargadhiya@gmail.com,
hemaljenkins@gmail.com,
barbarathomas@gmail.com,
barbaraeuiewiu@gmail.com,
sharuanabalagan@gmail.com,
suuuasdgagh@gmail.com,
joethomas@gmail.com,
aishumartin@gmail.com,
glennygfa@gmail.com,
glennwilks@gmail.com,
elizabethstuart@gmail.com,
abcdjones@gmail.com,
michaeltaylor@gmail.com,
lauramoore@gmail.com,
davidanderson@gmail.com,
charlesjackson@gmail.com,
ipltaylor@gmail.com,
manjudoe@gmail.com,
mariaanderson@gmail.com,
maggieanderson@gmail.com,
jameskumargadhiya@gmail.com,
jenniferarnold@gmail.com,
hemalstuart@gmail.com,
davearnold@gmail.com,
jenniferkumargadhiya@gmail.com,
ashwinimiller@gmail.com,
jamesmartin@gmail.com,
shobanaasdasjkkj@gmail.com,
joeiuerote@gmail.com,
ecfgtasdugas@gmail.com,
machadavis@gmail.com,
karunrobinson@gmail.com,
suuuasgdjas@gmail.com,
suuuwilliams@gmail.com,
janestuart@gmail.com,
patriciaharris@gmail.com,
laurajacobs@gmail.com,
lindaarnold@gmail.com,
laurasmith@gmail.com,
viratplkdfond@gmail.com,
johnharris@gmail.com,
ecfgtagyuyaugfr@gmail.com,
varunsmith@gmail.com,
abcdmiller@gmail.com,
ipljenkins@gmail.com,
shikarplkdfond@gmail.com,
kliuerote@gmail.com,
